artist,album,track_name,track_id,danceability,energy,key,loudness,mode,speechiness,instrumentalness,liveness,valence,tempo,duration_ms,time_signature
Arctic Monkeys,Favourite Worst Nightmare (Standard Version),Only Ones Who Know,7ABWRukVQcXrIrDKDx5Gek,0.257,0.409,7,-10.828,0,0.0363,0.00293,0.109,0.0794,145.759,181480,5
BoyWithUke,Antisocial,idtwcbf (friends),4FAdGJxiagKwaF2d8ER1dn,0.666,0.574,8,-7.719,0,0.0366,0.0,0.125,0.666,90.984,151533,4
Cigarettes After Sex,Pistol,Pistol,5g5XvfePSypMK6eiVL6BI7,0.653,0.442,7,-11.727,1,0.0337,0.699,0.107,0.363,109.971,234174,4
benny blanco,FRIENDS KEEP SECRETS 2,Care (with Omar Apollo),296wnQ0NPmj0hwpdhICSRy,0.618,0.215,2,-12.8,1,0.04,0.00962,0.109,0.214,90.004,290466,4
Deyaz,I'll Scream (All the Words),I'll Scream (All the Words),5XennSN9tgLRZTdvhGTrBp,0.475,0.347,1,-7.84,1,0.0332,0.0,0.107,0.165,174.268,193458,4
Joji,SMITHEREENS,Die For You,26hOm7dTtBi0TdpDGl141t,0.472,0.518,8,-7.379,1,0.051,0.127,0.289,0.154,147.805,211667,4
bbno$,still,still,6EoI0gxW5egUN3SFxgQb7H,0.372,0.27,6,-12.041,0,0.0385,0.273,0.114,0.0852,183.792,180846,3
Justin Nozuka,Said I Don't Cry,Said I Don't Cry,4HWOthsW4aVnNF4Ncop3zo,0.52,0.353,1,-10.002,0,0.0495,5.08e-05,0.146,0.216,113.237,211392,4
SZA,SOS,Nobody Gets Me,5Y35SjAfXjjG0sFQ3KOxmm,0.358,0.284,7,-8.285,1,0.0285,0.0,0.183,0.276,99.796,180853,3
Post Malone,Stoney (Deluxe),Feeling Whitney,35r28RDot7nPE7y9K9H7l0,0.412,0.227,0,-12.696,1,0.0359,4.69e-06,0.282,0.226,80.111,257267,4
Sky McCreery,Insane,Insane,3mLFCocZgUvih60frphM6l,0.806,0.405,6,-11.277,0,0.0727,0.0915,0.104,0.329,119.961,166390,4
Sofia Mills,Coffee Breath,Coffee Breath,28TkNtKHx6UnOZuoyv3Jzv,0.866,0.211,11,-12.676,0,0.0404,0.0,0.0987,0.198,101.295,163902,4
Cigarettes After Sex,Cigarettes After Sex,Sunsetz,69UqtTHfUKAJweQwEStRzC,0.412,0.477,9,-9.381,0,0.029,0.798,0.0975,0.141,75.302,214680,4
Chance Peña,In My Room,In My Room,7CiDwKE62N6ey3LyG6s7xc,0.408,0.338,4,-13.626,1,0.0431,0.000639,0.0732,0.1,133.943,177609,3
Joji,Glimpse of Us,Glimpse of Us,6xGruZOHLs39ZbVccQTuPZ,0.44,0.317,8,-9.258,1,0.0531,4.78e-06,0.141,0.268,169.914,233456,3
Montell Fish,JAMIE,Darling,6UpgMTjhFiKV3Sk0emuqDz,0.315,0.104,9,-19.129,1,0.0402,0.654,0.0973,0.038,120.723,302000,3
Billie Eilish,Guitar Songs,TV,3GYlZ7tbxLOxe6ewMNVTkw,0.412,0.236,4,-15.159,0,0.0379,0.00653,0.147,0.119,140.214,281381,4
Ethel Cain,Preacher’s Daughter,Hard Times,7JPmhsHbjaDGmTCKBZxVVU,0.492,0.356,10,-10.638,1,0.0259,0.00666,0.274,0.15,106.968,303067,3
Cigarettes After Sex,Cigarettes After Sex,Apocalypse,3AVrVz5rK8Hrqo9YGiVGN5,0.369,0.467,5,-9.018,1,0.0274,0.46,0.109,0.174,94.473,290147,4
Terry Presume,None of This Alone,None of This Alone,3oC6XhD8it51GroGHUh3Ud,0.717,0.605,9,-10.387,1,0.0496,0.00135,0.103,0.193,100.995,172027,4
Cavetown,Man’s Best Friend,Idea of Her,167NK7xPIRNKnSmUE9dBrQ,0.518,0.423,9,-8.818,1,0.0284,0.0,0.0765,0.323,129.905,168960,3
Jess Benko,"Do You Love Me, or Are You Just Lonely?",A Soulmate Who Wasn’t Meant to Be,0gOz9JUXsaKVzLTSmFDtdo,0.571,0.0274,9,-20.274,0,0.0649,6.43e-06,0.322,0.087,124.209,316556,3
X Lovers,X Lovers,Hell,6UCKAo1KXnjFHj8RMXlZe5,0.67,0.377,4,-8.101,1,0.0269,9.05e-06,0.166,0.149,81.953,199207,4
Brandon,Coming Clean,Baby,38jJdP6hG3x63SKrJZutMW,0.641,0.242,10,-10.066,1,0.0757,0.0,0.394,0.409,75.99,111711,1
Sky McCreery,Gone,Gone,4usJd0yjr5igV4cIOHm1Rx,0.601,0.0989,9,-17.165,1,0.0568,1.35e-06,0.369,0.274,124.363,161280,4
Billie Eilish,Guitar Songs,The 30th,5SHpuW2qjkQtFRpE6P9Nks,0.387,0.135,7,-14.398,1,0.051,0.0,0.0948,0.21,82.987,216448,4
2ND CHOICE,We Never Met,We Never Met,3obYzeG6ycjGPGVZyRmjTH,0.385,0.185,7,-24.819,1,0.0394,0.941,0.106,0.369,78.075,107416,4
d4vd,Placebo Effect,Placebo Effect,6m3T4RHAMaSIKUDsxko43y,0.475,0.243,4,-11.209,1,0.0262,0.0,0.115,0.108,61.317,191494,4
Kxllswxtch,DISORDER,WASTE,4NgherJDfCXWBZBYheM4jK,0.627,0.123,7,-14.411,1,0.0316,0.00105,0.149,0.11,131.883,120429,4
beabadoobee,Coffee,Coffee,429NtPmr12aypzFH3FkN9l,0.532,0.137,9,-18.208,1,0.0717,0.962,0.112,0.301,118.734,126825,4
Sky McCreery,Burden,Burden,5vgZQdUkP8gYJnGkzZNqBm,0.588,0.382,7,-13.807,1,0.0447,0.113,0.114,0.153,160.973,145342,4
Junior Varsity,Florida,Florida,34pOJWcmlxBUDkHaoqG1K2,0.511,0.276,7,-13.755,1,0.0523,0.0954,0.134,0.582,89.425,147672,4
Tom The Mail Man,"Sunset Visionary, Vol. 2",Brown Eyes and Backwoods,5Q8ILM1zVZWyGjIxAs8jdn,0.385,0.342,7,-7.215,1,0.05,0.0,0.0936,0.393,200.268,178200,3
Joji,BALLADS 1,YEAH RIGHT,1VGzxJnVQND7Cg5H5wGj14,0.672,0.588,1,-9.573,1,0.133,0.241,0.0992,0.204,169.033,174358,4
Clairo,Immunity,I Wouldn't Ask You,6YTUGuz1IzqKFpNm0yGQws,0.363,0.376,1,-10.95,1,0.0515,0.0144,0.0841,0.242,133.76,416373,4
Pity Party (Girls Club),I'm Sorry I'm Like This,Somewhere in the Universe,2sLAKUdiwa7Ik8XY2ow3DE,0.383,0.461,3,-10.844,1,0.0592,0.367,0.119,0.106,172.221,100465,4
Fousheé,i'm fine,i'm fine,3FiUsaCzKWi943pk0G9F0o,0.427,0.341,6,-7.737,1,0.0345,4.65e-06,0.138,0.402,76.86,100053,4
valentina cy,i hate 1st dates,i hate 1st dates,5hRMLeMCXo7EC7uJfe9kQH,0.403,0.325,0,-11.756,1,0.0438,0.0,0.0776,0.7,174.315,161076,4
Tobias Dray,Maya,Maya,59cZhvYZEcKLrYwxCN7ovu,0.413,0.257,7,-13.298,1,0.0358,1.78e-05,0.145,0.0661,117.605,207955,4
Dominic Fike,"Elliot's Song (From ""Euphoria"" An HBO Original Series)","Elliot's Song - From ""Euphoria"" An HBO Original Series",7JIIY2oDPFkURYMCLJuzhe,0.394,0.327,4,-14.291,1,0.114,0.0,0.125,0.411,93.358,150320,4
Pity Party (Girls Club),I cant commit to anything,I cant commit to anything,1yrqu7y4N2e3Ov8ZKjdjVY,0.66,0.538,8,-8.068,1,0.0503,0.93,0.207,0.289,96.912,102545,4
Daniel Leggs,ticket home,ticket home,62HV0cxI0hKJjcrbACp9RC,0.491,0.386,0,-8.327,1,0.0274,0.271,0.112,0.094,127.879,189375,4
Healy,Tungsten,Everything's Fine,1hQM22L8FSThJB5drLpfQs,0.676,0.402,1,-9.305,1,0.0459,0.425,0.235,0.335,121.909,232131,4
BENEE,Hey u x,Happen To Me,4Kjo34blxmLG5HNUKEvHRM,0.661,0.643,0,-7.655,1,0.0319,0.0034,0.0966,0.36,148.994,231701,4
Mac Miller,Circles,Surf,1kwnxJNVl7cwcU98RvMBaR,0.828,0.182,1,-13.066,0,0.166,0.0706,0.15,0.231,147.279,330507,4
Cuco,Pendant,Pendant,45iJnPjul5yDYefM6GEYZB,0.515,0.477,3,-6.913,1,0.0268,0.0432,0.106,0.277,134.929,235832,4
Rex Orange County,Pony,It's Not The Same Anymore,7vRia9rlEuTDQxkfXIKySi,0.666,0.317,5,-10.644,1,0.0327,3.74e-05,0.111,0.359,117.676,386200,4
Still Woozy,Kenny,Kenny,6FmnMoph4yx7zjhuBcrHDv,0.743,0.49,1,-10.845,1,0.0377,0.0393,0.108,0.394,120.028,194133,4
Era,Tell Me,Tell Me,0WUEI3wb6ei1gRvCJChfxA,0.496,0.258,3,-10.709,1,0.0465,7.2e-05,0.323,0.24,117.654,229158,3
Daniel Leggs,last one standing,last one standing,1T6v6hMxZLNRLz9dcGpe6M,0.461,0.206,8,-10.0,1,0.0341,0.0,0.136,0.328,104.547,167889,3
Nathan Archie,hurt me enough,hurt me enough,46VWMQxwA5cACMY28UlIPs,0.652,0.551,5,-8.018,0,0.147,4.24e-05,0.116,0.343,79.52,186032,4
Kamal.,essential,essential,5furV6z87xBEymy1nXFAXu,0.435,0.384,7,-11.127,1,0.054,0.00194,0.179,0.205,160.037,162656,4
Cottonwood Firing Squad,you missed the best part,hospital beach,7t7QJFQLHJWCiHBswHnbzZ,0.636,0.753,7,-8.185,1,0.0318,0.658,0.301,0.714,125.906,124743,4
Lizzy McAlpine,five seconds flat,ceilings,2L9N0zZnd37dwF0clgxMGI,0.516,0.322,9,-11.762,1,0.0292,0.00194,0.215,0.261,148.005,182888,3
Brevin Kim,It Was Nice To See You,It Was Nice To See You,0OBnGFOQxVOwh8d3xKCn98,0.524,0.408,2,-10.774,1,0.0273,0.011,0.106,0.497,129.005,200926,4
Zaia,VERY ALONE,VERY ALONE,1LCgehdvJ91SgSRuI7Ez90,0.928,0.559,2,-12.164,1,0.0395,0.0401,0.0963,0.962,103.017,131147,4
EKKSTACY,i walk this earth all by myself,i walk this earth all by myself,5a8QUc4ubHJqQm7vzs2YhA,0.595,0.588,10,-11.313,1,0.0624,0.781,0.113,0.518,166.061,145634,4
BERWYN,TAPE 2/FOMALHAUT,ANSWERS,6bm9OoERWQ8zfnIcN0pykg,0.539,0.396,10,-8.789,0,0.15,0.000267,0.127,0.659,99.349,245536,4
Ryan Hemsworth,Elsewhere,Think About U (feat. Joji),4yakjUoss5rjOdPWQ8mW6Q,0.324,0.353,0,-10.119,1,0.0335,0.139,0.262,0.0569,121.788,168975,4
Crisaunt,Emotionless,Emotionless,4WhpjIKKkQlFmbsYQIuJxO,0.701,0.508,6,-9.391,0,0.0455,0.00526,0.129,0.539,83.974,148402,4
Laica,Forever,Close to Me,4jPr49jXRJHftXlwTEA2w4,0.642,0.489,7,-6.534,1,0.0335,0.0,0.11,0.163,116.851,211746,3
spill tab,Cotton Candy,Cotton Candy,4FF0tP9mkoiFKLiXFeXm0q,0.686,0.456,0,-7.81,1,0.234,8.93e-06,0.357,0.569,96.889,93871,3
Lontalius,Someone Will Be There For You,I Walked Right Into It,5maC2QGPrm1E4WYMwwpDj7,0.413,0.258,9,-11.946,1,0.0286,0.0345,0.0969,0.24,131.371,298312,4
bixby,are you sleeping alone again?,are you sleeping alone again?,6abYlQGJf3JvvvZHfBryo4,0.522,0.593,10,-7.324,1,0.0275,0.0,0.173,0.268,139.999,126857,4
Ritt Momney,Show Runner 99,Show Runner 99,4G5bnCpOB99DIcOQa6QVYw,0.26,0.465,6,-10.143,1,0.0332,0.00345,0.33,0.315,127.465,206316,5
Tucker Rivera,West Coast City,West Coast City,374x1VaWkYVtPHVKLxTDR1,0.607,0.199,10,-17.95,1,0.0644,0.000876,0.146,0.11,139.835,195429,4
Lofi Fruits Music,I’ll Keep You Safe,I'll Keep You Safe,6pWpq6uXvH7l83RoaAyZtC,0.666,0.455,9,-9.89,0,0.0585,0.242,0.284,0.254,180.249,126522,4
gigi,Sometimes (Backwood),Sometimes (Backwood),1ElGmhauttS9p7LwmHG9uM,0.41,0.174,3,-11.405,1,0.0328,0.00197,0.114,0.0694,105.292,153000,4
Felly,me and my gang,me and my gang,4AQGuktK4SQqVuSR7XQH79,0.76,0.395,11,-8.563,1,0.0579,0.0,0.455,0.52,93.982,138830,4
Del Water Gap,Alone Together,Alone Together,2lf0nT2QF3AXBuOLGKwLnv,0.577,0.352,7,-9.752,0,0.0322,2.79e-05,0.111,0.354,172.073,205905,4
Ritt Momney,Not Around,Not Around,1y1RZ1WceXGSr0X7Q6mG0M,0.372,0.43,7,-6.008,0,0.0298,0.000687,0.321,0.555,99.419,160200,3
Deb Never,Sorry,Sorry,7ufvTDIjfqAhYZLXUX0lrF,0.828,0.325,0,-8.805,1,0.0675,1.65e-06,0.354,0.131,130.066,180270,4
Kamal.,lose,lose,74NGwGnDUHnsHWM54qAEqV,0.406,0.196,2,-13.202,1,0.0347,0.0,0.119,0.107,127.719,176367,4
dexter,Closing the Door on Us,Closing the Door on Us,0QiNYxQRmZgkkBf023sPAz,0.553,0.224,11,-12.492,0,0.0358,7.24e-05,0.112,0.392,160.775,135339,4
Jimi Somewhere,Nothing Gold Can Stay,"Tears, 2016",1BisD4JGmDWFPbSJz25j3V,0.217,0.219,1,-11.193,0,0.0318,0.000386,0.11,0.0577,92.085,304500,4
brakence,punk2,rosier/punk2,5fr1gqzvwrPrGS76ltBsFK,0.521,0.254,2,-13.554,1,0.407,0.0,0.427,0.55,115.65,222493,4
Yb.,Blackphemy,Blackphemy,5rYBgw7CHL5G4S6UJKOZ5H,0.371,0.449,4,-8.719,1,0.0687,0.0825,0.09,0.279,80.028,204772,4
Caye,SOME LAKES,SOME LAKES,0M4zNXaEqcti5LLGcIl0UL,0.517,0.395,0,-10.609,1,0.0424,0.0126,0.0572,0.638,127.012,192253,4
Kamal.,nowhere to hide,nowhere to hide,7xxMS1SNunq6HeBjqiswid,0.721,0.457,1,-8.443,1,0.0408,0.000519,0.161,0.257,90.014,171938,4
Nick Hakim,Happen,Happen,4TCMDoYMAGRzmvmBjnqUmw,0.648,0.403,7,-7.038,1,0.0301,0.761,0.115,0.265,122.009,253373,4
Saint Harison,homies,homies,3ocupZmiN2ZqQjTVntVtLv,0.646,0.347,5,-5.168,1,0.0327,0.0,0.116,0.422,91.578,225068,3
Dessert,Dessert,Thunderbird,5rAguSvXxyo5zBq9a5RQWd,0.374,0.42,4,-14.876,1,0.0535,0.366,0.12,0.0397,125.884,195036,4
Hashir,Paradise,Paradise,2v6ea8WZ0VzWXEbA3f4vrU,0.63,0.32,4,-15.503,1,0.0704,0.478,0.0894,0.233,166.058,166054,4
Matt Maltese,Mother,Mother,2ItXZP9iAfOtoASybQIOJd,0.556,0.486,3,-7.899,1,0.0267,0.0,0.0963,0.403,79.866,193005,4
sombr,willow,willow,61qLoMpEncPR7n8Ibf8Bhh,0.376,0.424,8,-9.976,0,0.0292,0.00074,0.125,0.136,139.871,212119,3
boodahki,swollen eyes,swollen eyes,3C0VrRuENZ47qM24ihNs3D,0.502,0.309,10,-12.813,1,0.0254,0.0818,0.111,0.172,77.054,155954,4
Cottonwood Firing Squad,songs for wolfie.,how to drown,3dKkjqZd66petAT4yw1BhD,0.69,0.547,4,-14.657,0,0.0335,0.862,0.0914,0.314,100.032,130688,4
Cavetown,squares / y 13,squares,0byJI4UB0ibHxUVz5Fz5Ne,0.641,0.154,0,-16.087,1,0.034,0.229,0.101,0.0396,130.056,267031,4
Swansea Skag,DOG BOY,DOG BOY,3HStMlkAvt5pbxhZ1ISNGx,0.755,0.529,5,-10.152,0,0.102,0.00026,0.135,0.504,129.893,142660,4
Jack Gray,Selfish,Selfish,3fTd1AN7VM33g7OElNPJGb,0.645,0.327,5,-11.015,1,0.0567,0.0,0.212,0.455,95.004,177899,4
dexter,Maybe the Problem Is Me,Maybe the Problem Is Me,5gPRsdhEoR53H4eSRBXnzh,0.616,0.219,7,-11.807,1,0.087,0.000839,0.125,0.47,147.924,133091,4
beabadoobee,Beatopia,Pictures of Us,2VL573wd9nlqXYHaQoFXfV,0.495,0.794,2,-6.712,1,0.0303,0.45,0.117,0.193,120.179,279307,4
Elliott Fullam,A Hopeful Ending,A Hopeful Ending,6G3Rl9I1mqrok2EyPeQ0PX,0.401,0.153,10,-22.095,1,0.0387,0.628,0.0861,0.254,94.655,202000,4
itssvd,tape for when i'm sad,i don't feel part of the world anymore,11iiMB7TmFTtaXT4YJAltw,0.546,0.179,1,-19.623,0,0.23,0.00211,0.107,0.272,95.037,84177,4
sombr,weak,weak,1ofVfjaqv1taQ7xsmcYjZc,0.182,0.17,4,-16.218,1,0.0371,0.536,0.0787,0.0397,81.962,238827,3
Peter McPoland,Slow Down,Slow Down,6nctEN4lXyz9KV7ujHaAKb,0.347,0.634,7,-3.345,1,0.051,0.0,0.842,0.332,126.913,202347,3
Felly,Bad Radio,Mirror,64XLoFc5NQjjFgaM5n7UzF,0.617,0.403,2,-9.287,1,0.0271,0.0445,0.0927,0.334,114.129,151579,4
Yxngxr1,"emma, u up?","emma, u up?",5Z7WYPOCE6FCbg3NZrYDvh,0.823,0.458,1,-10.91,0,0.31,0.0,0.0677,0.38,159.967,144000,4
gigi,Figurines,Figurines,2NqlLCXnAcWL3RMXcKc3j6,0.478,0.436,9,-8.559,1,0.0271,0.0,0.203,0.256,127.763,260855,4
Park National,Dirty Shoes,Dirty Shoes,1w1vqj9peesTLCyiO3yX2U,0.558,0.509,8,-10.661,1,0.0299,0.0116,0.113,0.454,79.019,170521,4
